model_id,category,n_images,cer,wer,mean_seconds
ppocrv5_arabic_mobile_rec,hand-written,8,0.7179,0.9492875,4.5757125
ppocrv5_arabic_mobile_rec,typed,12,0.46384166666666665,0.7257750000000001,11.787374999999999
tesseract_fas,hand-written,8,0.7393125,0.98225,0.7482
tesseract_fas,typed,12,0.36154166666666665,0.5842333333333333,0.7946666666666666
